"ID","Birth.Date","Min.Birth.Date","Max.Birth.Date","Entry.Date","Depart.Date","Depart.Type","Sex"
"1",1966-06-12,1964-06-11,1968-06-11,1970-01-01,1977-11-22,"D","Female"
"2",1964-11-19,1962-11-20,1966-11-20,1970-01-01,2016-05-24,"D","Female"
"5",1960-01-15,1958-01-14,1962-01-14,1970-01-01,2021-10-07,"D","Female"
"6",1957-03-21,1955-03-21,1959-03-21,1970-01-01,2010-03-25,"D","Female"
"7",1952-01-05,1950-01-05,1954-01-05,1970-01-01,2009-09-18,"D","Female"
"8",1958-07-26,1956-07-25,1960-07-25,1970-01-01,2007-03-01,"D","Female"
"9",1972-06-19,1972-06-19,1972-06-19,1972-06-19,1972-07-08,"D","Female"
"10",1970-01-20,1970-01-20,1970-01-20,1970-01-20,1997-07-25,"D","Female"
"11",1969-07-14,1967-07-15,1970-01-01,1970-01-01,1977-02-20,"D","Female"
"12",1952-08-06,1950-08-06,1954-08-06,1970-01-01,2014-02-10,"D","Female"
"14",1972-03-02,1972-03-02,1972-03-02,1972-03-02,1984-05-17,"D","Female"
"15",1951-06-27,1949-06-27,1953-06-27,1970-01-01,1997-12-04,"D","Female"
"16",1972-08-28,1972-08-28,1972-08-28,1972-08-28,1972-11-04,"D","Female"
"18",1973-06-15,1973-06-15,1973-06-15,1973-06-15,2022-08-28,"D","Female"
"19",1967-04-25,1965-04-24,1969-04-24,1970-01-01,2023-06-14,"D","Female"
"20",1973-01-18,1973-01-18,1973-01-18,1973-01-18,2024-01-01,"C","Female"
"21",1973-11-18,1973-11-18,1973-11-18,1973-11-18,1974-03-07,"D","Female"
"22",1954-09-12,1952-09-11,1956-09-11,1970-01-01,1996-08-31,"D","Female"
"23",1955-11-18,1953-11-17,1957-11-17,1970-01-01,1973-05-04,"D","Female"
"24",1962-02-27,1960-02-27,1964-02-27,1970-01-01,2016-12-19,"D","Female"
"25",1975-10-18,1975-10-18,1975-10-18,1975-10-18,1976-02-08,"D","Female"
"26",1963-05-08,1961-05-08,1965-05-08,1970-01-01,2013-09-08,"D","Female"
"27",1959-02-18,1957-02-18,1961-02-18,1970-01-01,2003-10-29,"D","Female"
"28",1951-08-28,1949-08-28,1953-08-28,1970-01-01,1984-12-15,"D","Female"
"29",1958-05-05,1956-05-05,1960-05-05,1970-01-01,2002-06-15,"D","Female"
"30",1967-07-10,1965-07-09,1969-07-09,1970-01-01,2005-09-22,"D","Female"
"31",1974-10-16,1974-10-16,1974-10-16,1974-10-16,2024-01-01,"C","Female"
"33",1954-11-20,1952-11-20,1956-11-20,1970-01-01,2015-02-10,"D","Female"
"34",1954-09-16,1952-09-16,1956-09-16,1970-01-01,1984-07-22,"D","Female"
"35",1972-10-29,1972-10-29,1972-10-29,1972-10-29,2024-01-01,"C","Female"
"36",1967-01-27,1965-01-27,1969-01-27,1970-01-01,2024-01-01,"C","Female"
"37",1958-10-18,1956-10-18,1960-10-18,1970-01-01,2018-08-04,"D","Female"
"39",1970-09-02,1970-09-02,1970-09-02,1970-09-02,1975-04-27,"D","Female"
"41",1971-02-16,1971-02-16,1971-02-16,1971-02-16,1995-06-22,"D","Female"
"43",1974-07-29,1974-07-29,1974-07-29,1974-07-29,2024-01-01,"C","Female"
"45",1973-10-16,1973-10-16,1973-10-16,1973-10-16,2020-03-25,"D","Female"
"46",1958-03-06,1956-03-05,1960-03-05,1970-01-01,2019-08-03,"D","Female"
"47",1951-05-23,1949-05-22,1953-05-22,1970-01-01,1996-01-09,"D","Female"
"48",1968-09-23,1966-09-23,1970-01-01,1970-01-01,2024-01-01,"C","Female"
"49",1958-11-02,1956-11-02,1960-11-02,1970-01-01,2011-05-11,"D","Female"
"50",1967-08-19,1965-08-19,1969-08-19,1970-01-01,2024-01-01,"C","Female"
"51",1973-05-30,1973-05-30,1973-05-30,1973-05-30,2001-03-28,"D","Female"
"52",1965-05-20,1963-05-21,1967-05-21,1970-01-01,2021-03-27,"D","Female"
"54",1950-01-24,1948-01-25,1952-01-25,1970-01-01,1991-08-20,"D","Female"
"55",1959-08-13,1957-08-13,1961-08-13,1970-01-01,2014-05-02,"D","Female"
"56",1954-08-24,1952-08-24,1956-08-24,1970-01-01,2005-08-20,"D","Female"
"57",1974-06-11,1974-06-11,1974-06-11,1974-06-11,2024-01-01,"C","Female"
"59",1956-08-16,1954-08-17,1958-08-17,1970-01-01,1988-01-21,"D","Female"
"61",1953-12-12,1951-12-12,1955-12-12,1970-01-01,1994-06-19,"D","Female"
"62",1952-05-31,1950-05-31,1954-05-31,1970-01-01,2003-12-31,"D","Female"
"64",1975-07-10,1975-07-10,1975-07-10,1975-07-10,2009-02-10,"D","Female"
"65",1965-02-17,1963-02-18,1967-02-18,1970-01-01,1971-05-30,"D","Female"
"66",1957-05-02,1955-05-02,1959-05-02,1970-01-01,2002-07-27,"D","Female"
"67",1956-09-06,1954-09-06,1958-09-06,1970-01-01,2004-09-28,"D","Female"
"68",1951-01-27,1949-01-26,1953-01-26,1970-01-01,2001-01-03,"D","Female"
"69",1964-08-10,1962-08-10,1966-08-10,1970-01-01,1997-04-07,"D","Female"
"70",1960-03-16,1958-03-16,1962-03-16,1970-01-01,2015-04-28,"D","Female"
"71",1971-11-20,1971-11-20,1971-11-20,1971-11-20,2024-01-01,"C","Female"
"72",1958-11-23,1956-11-23,1960-11-23,1970-01-01,1992-12-31,"D","Female"
"74",1972-08-26,1972-08-26,1972-08-26,1972-08-26,2024-01-01,"C","Female"
"75",1965-11-02,1963-11-02,1967-11-02,1970-01-01,1995-11-29,"D","Female"
"76",1960-01-08,1958-01-08,1962-01-08,1970-01-01,2013-08-06,"D","Female"
"77",1968-07-12,1966-07-13,1970-01-01,1970-01-01,1974-05-08,"D","Female"
"78",1960-05-13,1958-05-13,1962-05-13,1970-01-01,2010-11-12,"D","Female"
"79",1955-04-27,1953-04-26,1957-04-26,1970-01-01,1986-11-26,"D","Female"
"80",1975-08-26,1975-08-26,1975-08-26,1975-08-26,1975-09-13,"D","Female"
"81",1964-12-01,1962-12-01,1966-12-01,1970-01-01,2024-01-01,"C","Female"
"82",1955-12-19,1953-12-18,1957-12-18,1970-01-01,1977-07-21,"D","Female"
"83",1955-05-20,1953-05-20,1957-05-20,1970-01-01,1973-08-13,"D","Female"
"85",1969-10-18,1967-10-18,1970-01-01,1970-01-01,2007-06-23,"D","Female"
"86",1965-04-09,1963-04-09,1967-04-09,1970-01-01,2019-12-06,"D","Female"
"87",1974-05-26,1974-05-26,1974-05-26,1974-05-26,1981-01-26,"D","Female"
"88",1972-11-17,1972-11-17,1972-11-17,1972-11-17,2024-01-01,"C","Female"
"89",1970-01-16,1970-01-16,1970-01-16,1970-01-16,2023-08-26,"D","Female"
"90",1969-03-16,1967-03-17,1970-01-01,1970-01-01,2014-11-04,"D","Female"
"91",1961-02-06,1959-02-06,1963-02-06,1970-01-01,2024-01-01,"C","Female"
"93",1971-10-09,1971-10-09,1971-10-09,1971-10-09,2011-12-06,"D","Female"
"94",1954-10-07,1952-10-06,1956-10-06,1970-01-01,1971-02-07,"D","Female"
"95",1975-06-26,1975-06-26,1975-06-26,1975-06-26,1975-09-19,"D","Female"
"98",1959-08-14,1957-08-14,1961-08-14,1970-01-01,2021-07-30,"D","Female"
"99",1951-02-20,1949-02-20,1953-02-20,1970-01-01,2017-08-14,"D","Female"
"100",1972-03-16,1972-03-16,1972-03-16,1972-03-16,2024-01-01,"C","Female"
"101",1951-01-06,1949-01-06,1953-01-06,1970-01-01,1971-04-19,"D","Female"
"102",1973-04-19,1973-04-19,1973-04-19,1973-04-19,1984-08-31,"D","Female"
"103",1972-01-24,1972-01-24,1972-01-24,1972-01-24,2021-12-21,"D","Female"
"104",1969-02-13,1967-02-13,1970-01-01,1970-01-01,2022-08-05,"D","Female"
"105",1967-04-17,1965-04-17,1969-04-17,1970-01-01,2020-11-18,"D","Female"
"106",1957-05-16,1955-05-17,1959-05-17,1970-01-01,2015-07-23,"D","Female"
"107",1970-08-27,1970-08-27,1970-08-27,1970-08-27,1984-08-20,"D","Female"
"108",1952-01-14,1950-01-13,1954-01-13,1970-01-01,2007-05-09,"D","Female"
"109",1952-05-10,1950-05-10,1954-05-10,1970-01-01,1982-12-06,"D","Female"
"110",1975-05-27,1975-05-27,1975-05-27,1975-05-27,2024-01-01,"C","Female"
"111",1955-05-08,1953-05-07,1957-05-07,1970-01-01,2020-02-12,"D","Female"
"112",1969-03-15,1967-03-15,1970-01-01,1970-01-01,2023-11-07,"D","Female"
"113",1951-04-26,1949-04-26,1953-04-26,1970-01-01,1990-01-31,"D","Female"
"114",1975-08-26,1975-08-26,1975-08-26,1975-08-26,2023-06-13,"D","Female"
"115",1966-06-14,1964-06-14,1968-06-14,1970-01-01,2018-04-11,"D","Female"
"117",1966-01-08,1964-01-08,1968-01-08,1970-01-01,2013-12-14,"D","Female"
"118",1970-10-28,1970-10-28,1970-10-28,1970-10-28,1970-11-18,"D","Female"
"119",1966-02-13,1964-02-14,1968-02-14,1970-01-01,2024-01-01,"C","Female"
"120",1952-12-22,1950-12-23,1954-12-23,1970-01-01,2013-05-27,"D","Female"
"121",1967-05-28,1965-05-27,1969-05-27,1970-01-01,1987-08-25,"D","Female"
"122",1958-03-02,1956-03-01,1960-03-01,1970-01-01,2003-10-02,"D","Female"
"123",1960-06-20,1958-06-20,1962-06-20,1970-01-01,1983-02-25,"D","Female"
"124",1959-03-17,1957-03-17,1961-03-17,1970-01-01,2015-02-13,"D","Female"
"125",1966-06-08,1964-06-07,1968-06-07,1970-01-01,2023-02-09,"D","Female"
"126",1953-09-09,1951-09-10,1955-09-10,1970-01-01,2002-06-11,"D","Female"
"127",1960-02-07,1958-02-07,1962-02-07,1970-01-01,2024-01-01,"C","Female"
"128",1970-12-13,1970-12-13,1970-12-13,1970-12-13,2000-09-01,"D","Female"
"129",1951-03-02,1949-03-01,1953-03-01,1970-01-01,2008-12-07,"D","Female"
"130",1952-02-05,1950-02-04,1954-02-04,1970-01-01,1997-06-01,"D","Female"
"131",1954-04-15,1952-04-15,1956-04-15,1970-01-01,2003-02-20,"D","Female"
"132",1961-12-29,1959-12-29,1963-12-29,1970-01-01,2012-09-03,"D","Female"
"133",1953-01-23,1951-01-23,1955-01-23,1970-01-01,2006-11-12,"D","Female"
"135",1963-08-23,1961-08-23,1965-08-23,1970-01-01,2007-03-21,"D","Female"
"136",1974-10-07,1974-10-07,1974-10-07,1974-10-07,1999-12-29,"D","Female"
"137",1954-12-21,1952-12-20,1956-12-20,1970-01-01,1997-02-12,"D","Female"
"138",1958-02-12,1956-02-12,1960-02-12,1970-01-01,2021-08-04,"D","Female"
"139",1959-02-13,1957-02-13,1961-02-13,1970-01-01,2008-09-28,"D","Female"
"140",1963-05-11,1961-05-10,1965-05-10,1970-01-01,2013-12-14,"D","Female"
"141",1951-01-18,1949-01-18,1953-01-18,1970-01-01,1983-12-25,"D","Female"
"143",1954-01-21,1952-01-21,1956-01-21,1970-01-01,1997-04-05,"D","Female"
"144",1971-07-11,1971-07-11,1971-07-11,1971-07-11,2024-01-01,"C","Female"
"145",1964-12-07,1962-12-07,1966-12-07,1970-01-01,2018-11-23,"D","Female"
"146",1959-07-02,1957-07-02,1961-07-02,1970-01-01,2014-08-31,"D","Female"
"147",1968-11-25,1966-11-25,1970-01-01,1970-01-01,1998-02-06,"D","Female"
"148",1962-09-02,1960-09-01,1964-09-01,1970-01-01,1997-02-12,"D","Female"
"150",1963-12-08,1961-12-07,1965-12-07,1970-01-01,2014-05-08,"D","Female"
"151",1970-03-03,1970-03-03,1970-03-03,1970-03-03,1980-02-04,"D","Female"
"152",1966-10-12,1964-10-12,1968-10-12,1970-01-01,1989-11-21,"D","Female"
"153",1967-01-21,1965-01-20,1969-01-20,1970-01-01,2022-12-19,"D","Female"
"154",1972-01-28,1972-01-28,1972-01-28,1972-01-28,1983-08-08,"D","Female"
"155",1950-09-20,1948-09-20,1952-09-20,1970-01-01,2017-05-04,"D","Female"
"156",1967-06-22,1965-06-22,1969-06-22,1970-01-01,2024-01-01,"C","Female"
"157",1955-09-28,1953-09-27,1957-09-27,1970-01-01,2011-09-22,"D","Female"
"158",1959-10-31,1957-10-31,1961-10-31,1970-01-01,2015-09-19,"D","Female"
"159",1955-03-08,1953-03-07,1957-03-07,1970-01-01,2010-07-07,"D","Female"
"160",1969-12-30,1967-12-31,1970-01-01,1970-01-01,2018-02-14,"D","Female"
"161",1972-01-24,1972-01-24,1972-01-24,1972-01-24,1991-04-06,"D","Female"
"163",1975-05-18,1975-05-18,1975-05-18,1975-05-18,2018-06-05,"D","Female"
"164",1950-09-28,1948-09-28,1952-09-28,1970-01-01,1975-07-21,"D","Female"
"165",1955-03-23,1953-03-23,1957-03-23,1970-01-01,2001-04-12,"D","Female"
"166",1958-11-08,1956-11-07,1960-11-07,1970-01-01,2005-01-06,"D","Female"
"167",1959-09-07,1957-09-06,1961-09-06,1970-01-01,1989-08-10,"D","Female"
"168",1966-11-24,1964-11-23,1968-11-23,1970-01-01,2024-01-01,"C","Female"
"169",1962-06-09,1960-06-09,1964-06-09,1970-01-01,2023-06-04,"D","Female"
"170",1964-05-28,1962-05-28,1966-05-28,1970-01-01,2014-12-25,"D","Female"
"171",1971-11-27,1971-11-27,1971-11-27,1971-11-27,1975-10-01,"D","Female"
"173",1968-12-14,1966-12-14,1970-01-01,1970-01-01,2001-10-08,"D","Female"
"174",1969-11-05,1967-11-05,1970-01-01,1970-01-01,2024-01-01,"C","Female"
"176",1960-05-16,1958-05-16,1962-05-16,1970-01-01,2013-06-07,"D","Female"
"177",1967-11-30,1965-11-29,1969-11-29,1970-01-01,2004-09-30,"D","Female"
"178",1959-09-06,1957-09-05,1961-09-05,1970-01-01,1981-12-25,"D","Female"
"180",1955-01-22,1953-01-21,1957-01-21,1970-01-01,1999-02-07,"D","Female"
"181",1951-02-19,1949-02-19,1953-02-19,1970-01-01,2015-05-06,"D","Female"
"183",1960-06-10,1958-06-11,1962-06-11,1970-01-01,1995-07-20,"D","Female"
"184",1965-08-29,1963-08-30,1967-08-30,1970-01-01,1981-12-22,"D","Female"
"186",1966-05-03,1964-05-02,1968-05-02,1970-01-01,2024-01-01,"C","Female"
"188",1960-10-11,1958-10-12,1962-10-12,1970-01-01,2017-08-11,"D","Female"
"189",1970-01-24,1970-01-24,1970-01-24,1970-01-24,2024-01-01,"C","Female"
"191",1973-07-11,1973-07-11,1973-07-11,1973-07-11,1975-10-11,"D","Female"
"192",1970-04-18,1970-04-18,1970-04-18,1970-04-18,1994-01-17,"D","Female"
"193",1966-08-15,1964-08-14,1968-08-14,1970-01-01,1993-01-31,"D","Female"
"194",1969-12-05,1967-12-06,1970-01-01,1970-01-01,2002-09-28,"D","Female"
"195",1967-07-22,1965-07-21,1969-07-21,1970-01-01,2019-10-02,"D","Female"
"196",1957-03-22,1955-03-23,1959-03-23,1970-01-01,2005-08-21,"D","Female"
"197",1970-05-10,1970-05-10,1970-05-10,1970-05-10,1970-10-18,"D","Female"
"198",1975-10-14,1975-10-14,1975-10-14,1975-10-14,2024-01-01,"C","Female"
"199",1957-05-17,1955-05-18,1959-05-18,1970-01-01,2019-06-14,"D","Female"
"201",1972-12-11,1972-12-11,1972-12-11,1972-12-11,1976-11-05,"D","Female"
"202",1970-09-27,1970-09-27,1970-09-27,1970-09-27,2024-01-01,"C","Female"
"204",1970-07-02,1970-07-02,1970-07-02,1970-07-02,2023-09-21,"D","Female"
"207",1965-01-07,1963-01-07,1967-01-07,1970-01-01,2024-01-01,"C","Female"
"209",1956-03-23,1954-03-24,1958-03-24,1970-01-01,2001-02-23,"D","Female"
"210",1969-02-17,1967-02-18,1970-01-01,1970-01-01,2024-01-01,"C","Female"
"211",1964-01-06,1962-01-06,1966-01-06,1970-01-01,2005-06-07,"D","Female"
"213",1969-03-30,1967-03-30,1970-01-01,1970-01-01,1976-02-13,"D","Female"
"214",1959-01-14,1957-01-14,1961-01-14,1970-01-01,2015-06-22,"D","Female"
"215",1954-07-02,1952-07-01,1956-07-01,1970-01-01,2006-08-08,"D","Female"
"216",1966-06-07,1964-06-07,1968-06-07,1970-01-01,1970-12-04,"D","Female"
"218",1965-11-15,1963-11-15,1967-11-15,1970-01-01,2024-01-01,"C","Female"
"219",1951-06-14,1949-06-14,1953-06-14,1970-01-01,2008-11-05,"D","Female"
"220",1951-11-03,1949-11-02,1953-11-02,1970-01-01,2000-10-26,"D","Female"
"221",1959-11-04,1957-11-03,1961-11-03,1970-01-01,2022-10-01,"D","Female"
"222",1953-08-22,1951-08-22,1955-08-22,1970-01-01,2011-09-11,"D","Female"
"223",1969-12-27,1967-12-28,1970-01-01,1970-01-01,2019-07-01,"D","Female"
"224",1951-10-16,1949-10-16,1953-10-16,1970-01-01,2009-03-09,"D","Female"
"225",1966-10-08,1964-10-07,1968-10-07,1970-01-01,2024-01-01,"C","Female"
"227",1973-08-09,1973-08-09,1973-08-09,1973-08-09,2024-01-01,"C","Female"
"228",1952-07-01,1950-07-02,1954-07-02,1970-01-01,1979-09-29,"D","Female"
"229",1952-12-06,1950-12-06,1954-12-06,1970-01-01,1996-12-07,"D","Female"
"230",1952-11-14,1950-11-14,1954-11-14,1970-01-01,2015-08-10,"D","Female"
"231",1961-11-24,1959-11-24,1963-11-24,1970-01-01,2004-11-07,"D","Female"
"232",1960-07-15,1958-07-16,1962-07-16,1970-01-01,2014-11-17,"D","Female"
"233",1964-04-27,1962-04-28,1966-04-28,1970-01-01,2012-09-16,"D","Female"
"234",1958-04-30,1956-04-30,1960-04-30,1970-01-01,1978-09-20,"D","Female"
"235",1954-01-03,1952-01-03,1956-01-03,1970-01-01,2015-12-03,"D","Female"
"236",1964-12-01,1962-12-01,1966-12-01,1970-01-01,2001-04-13,"D","Female"
"237",1971-01-24,1971-01-24,1971-01-24,1971-01-24,2024-01-01,"C","Female"
"239",1953-07-30,1951-07-30,1955-07-30,1970-01-01,1998-06-10,"D","Female"
"240",1963-09-26,1961-09-26,1965-09-26,1970-01-01,2024-01-01,"C","Female"
"241",1967-11-06,1965-11-06,1969-11-06,1970-01-01,1993-01-01,"D","Female"
"242",1964-06-19,1962-06-20,1966-06-20,1970-01-01,1978-12-16,"D","Female"
"243",1975-01-04,1975-01-04,1975-01-04,1975-01-04,2024-01-01,"C","Female"
"245",1964-09-08,1962-09-08,1966-09-08,1970-01-01,2024-01-01,"C","Female"
"246",1971-09-07,1971-09-07,1971-09-07,1971-09-07,2024-01-01,"C","Female"
"249",1958-10-01,1956-10-01,1960-10-01,1970-01-01,2021-03-16,"D","Female"
"251",1972-03-16,1972-03-16,1972-03-16,1972-03-16,1972-04-24,"D","Female"
"252",1962-02-04,1960-02-05,1964-02-05,1970-01-01,2020-07-27,"D","Female"
"253",1951-09-19,1949-09-18,1953-09-18,1970-01-01,2013-07-16,"D","Female"
"254",1957-01-18,1955-01-18,1959-01-18,1970-01-01,1989-01-08,"D","Female"
"255",1963-12-09,1961-12-09,1965-12-09,1970-01-01,1982-03-18,"D","Female"
"256",1953-12-12,1951-12-12,1955-12-12,1970-01-01,2011-01-21,"D","Female"
"257",1969-10-12,1967-10-13,1970-01-01,1970-01-01,2000-03-25,"D","Female"
"258",1958-12-07,1956-12-07,1960-12-07,1970-01-01,1995-07-24,"D","Female"
"259",1965-08-06,1963-08-07,1967-08-07,1970-01-01,1986-05-25,"D","Female"
"260",1955-02-22,1953-02-22,1957-02-22,1970-01-01,1983-09-10,"D","Female"
"261",1951-08-21,1949-08-21,1953-08-21,1970-01-01,2008-09-25,"D","Female"
"262",1952-02-26,1950-02-25,1954-02-25,1970-01-01,2004-04-10,"D","Female"
"263",1972-06-20,1972-06-20,1972-06-20,1972-06-20,1987-05-11,"D","Female"
"264",1953-10-08,1951-10-09,1955-10-09,1970-01-01,2010-10-26,"D","Female"
"265",1963-12-22,1961-12-21,1965-12-21,1970-01-01,2002-12-30,"D","Female"
"267",1962-03-02,1960-03-01,1964-03-01,1970-01-01,2022-07-19,"D","Female"
"268",1966-09-29,1964-09-28,1968-09-28,1970-01-01,2017-11-25,"D","Female"
"269",1962-11-27,1960-11-26,1964-11-26,1970-01-01,2009-06-21,"D","Female"
"270",1964-07-26,1962-07-27,1966-07-27,1970-01-01,2009-08-11,"D","Female"
"271",1953-04-23,1951-04-24,1955-04-24,1970-01-01,2003-12-15,"D","Female"
"272",1973-02-23,1973-02-23,1973-02-23,1973-02-23,1973-06-24,"D","Female"
"273",1951-02-15,1949-02-14,1953-02-14,1970-01-01,1981-12-03,"D","Female"
"276",1967-07-02,1965-07-01,1969-07-01,1970-01-01,2023-07-11,"D","Female"
"278",1964-10-13,1962-10-13,1966-10-13,1970-01-01,1971-07-31,"D","Female"
"279",1950-09-04,1948-09-04,1952-09-04,1970-01-01,2015-03-10,"D","Female"
"280",1951-05-23,1949-05-22,1953-05-22,1970-01-01,1985-09-28,"D","Female"
"281",1962-06-21,1960-06-21,1964-06-21,1970-01-01,1992-12-12,"D","Female"
"282",1968-09-03,1966-09-04,1970-01-01,1970-01-01,2024-01-01,"C","Female"
"283",1971-12-05,1971-12-05,1971-12-05,1971-12-05,2024-01-01,"C","Female"
"284",1951-07-20,1949-07-19,1953-07-19,1970-01-01,2003-11-24,"D","Female"
"285",1974-08-08,1974-08-08,1974-08-08,1974-08-08,2024-01-01,"C","Female"
"286",1975-12-21,1975-12-21,1975-12-21,1975-12-21,2024-01-01,"C","Female"
"287",1965-09-07,1963-09-07,1967-09-07,1970-01-01,2024-01-01,"C","Female"
"288",1970-09-16,1970-09-16,1970-09-16,1970-09-16,1970-10-05,"D","Female"
"289",1963-11-02,1961-11-02,1965-11-02,1970-01-01,1988-06-06,"D","Female"
"291",1971-12-25,1971-12-25,1971-12-25,1971-12-25,1972-01-11,"D","Female"
"292",1971-01-03,1971-01-03,1971-01-03,1971-01-03,2024-01-01,"C","Female"
"293",1965-05-27,1963-05-28,1967-05-28,1970-01-01,2016-12-09,"D","Female"
"294",1950-12-13,1948-12-13,1952-12-13,1970-01-01,2006-11-05,"D","Female"
"295",1963-07-30,1961-07-30,1965-07-30,1970-01-01,2008-09-07,"D","Female"
"297",1960-08-19,1958-08-19,1962-08-19,1970-01-01,2014-06-18,"D","Female"
"298",1970-09-11,1970-09-11,1970-09-11,1970-09-11,2024-01-01,"C","Female"
"299",1960-06-26,1958-06-26,1962-06-26,1970-01-01,2007-06-19,"D","Female"
"300",1975-04-07,1975-04-07,1975-04-07,1975-04-07,1975-04-21,"D","Female"
"303",1971-03-17,1971-03-17,1971-03-17,1971-03-17,2019-12-10,"D","Female"
"304",1974-06-27,1974-06-27,1974-06-27,1974-06-27,2012-04-11,"D","Female"
"305",1971-08-01,1971-08-01,1971-08-01,1971-08-01,2024-01-01,"C","Female"
"307",1963-12-16,1961-12-16,1965-12-16,1970-01-01,1976-05-31,"D","Female"
"308",1972-02-27,1972-02-27,1972-02-27,1972-02-27,2008-06-27,"D","Female"
"309",1957-01-02,1955-01-03,1959-01-03,1970-01-01,2017-03-23,"D","Female"
"310",1973-10-24,1973-10-24,1973-10-24,1973-10-24,2006-05-13,"D","Female"
"311",1950-06-25,1948-06-24,1952-06-24,1970-01-01,1979-09-20,"D","Female"
"312",1955-02-11,1953-02-10,1957-02-10,1970-01-01,2009-01-23,"D","Female"
"313",1967-11-06,1965-11-05,1969-11-05,1970-01-01,2024-01-01,"C","Female"
"314",1963-08-23,1961-08-22,1965-08-22,1970-01-01,2007-10-21,"D","Female"
"315",1954-12-21,1952-12-21,1956-12-21,1970-01-01,2018-06-22,"D","Female"
"316",1971-11-22,1971-11-22,1971-11-22,1971-11-22,2024-01-01,"C","Female"
"317",1973-06-18,1973-06-18,1973-06-18,1973-06-18,2024-01-01,"C","Female"
"318",1971-01-24,1971-01-24,1971-01-24,1971-01-24,2004-11-26,"D","Female"
"319",1953-11-18,1951-11-19,1955-11-19,1970-01-01,1980-05-08,"D","Female"
"321",1975-07-10,1975-07-10,1975-07-10,1975-07-10,2003-08-14,"D","Female"
"322",1951-04-29,1949-04-28,1953-04-28,1970-01-01,2014-07-26,"D","Female"
"325",1955-11-30,1953-11-29,1957-11-29,1970-01-01,2011-02-14,"D","Female"
"326",1956-01-25,1954-01-24,1958-01-24,1970-01-01,1997-10-08,"D","Female"
"327",1973-11-12,1973-11-12,1973-11-12,1973-11-12,2005-05-01,"D","Female"
"328",1958-02-27,1956-02-27,1960-02-27,1970-01-01,1970-05-10,"D","Female"
"329",1962-09-05,1960-09-05,1964-09-05,1970-01-01,1978-11-26,"D","Female"
"330",1959-05-18,1957-05-17,1961-05-17,1970-01-01,1985-03-04,"D","Female"
"331",1952-12-10,1950-12-11,1954-12-11,1970-01-01,1999-09-12,"D","Female"
"332",1967-05-23,1965-05-23,1969-05-23,1970-01-01,2012-04-06,"D","Female"
"333",1969-07-13,1967-07-13,1970-01-01,1970-01-01,1978-09-14,"D","Female"
"335",1960-02-07,1958-02-06,1962-02-06,1970-01-01,2017-03-24,"D","Female"
"337",1964-10-28,1962-10-29,1966-10-29,1970-01-01,1997-09-28,"D","Female"
"338",1975-07-17,1975-07-17,1975-07-17,1975-07-17,1975-10-14,"D","Female"
"339",1956-12-08,1954-12-08,1958-12-08,1970-01-01,2021-09-17,"D","Female"
"340",1963-04-19,1961-04-18,1965-04-18,1970-01-01,2024-01-01,"C","Female"
"341",1968-10-15,1966-10-15,1970-01-01,1970-01-01,1996-02-05,"D","Female"
"342",1971-03-23,1971-03-23,1971-03-23,1971-03-23,2024-01-01,"C","Female"
"343",1968-11-06,1966-11-07,1970-01-01,1970-01-01,2024-01-01,"C","Female"
"344",1957-04-10,1955-04-11,1959-04-11,1970-01-01,1990-07-23,"D","Female"
"345",1962-05-01,1960-04-30,1964-04-30,1970-01-01,2018-08-25,"D","Female"
"346",1954-12-18,1952-12-17,1956-12-17,1970-01-01,2016-07-24,"D","Female"
"347",1953-06-23,1951-06-23,1955-06-23,1970-01-01,2009-12-22,"D","Female"
"348",1958-12-23,1956-12-23,1960-12-23,1970-01-01,2009-10-15,"D","Female"
"349",1958-01-17,1956-01-17,1960-01-17,1970-01-01,2009-06-08,"D","Female"
"350",1970-05-14,1970-05-14,1970-05-14,1970-05-14,1992-08-01,"D","Female"
"351",1957-08-10,1955-08-10,1959-08-10,1970-01-01,2017-09-28,"D","Female"
"352",1973-06-17,1973-06-17,1973-06-17,1973-06-17,1973-10-08,"D","Female"
"355",1968-08-13,1966-08-14,1970-01-01,1970-01-01,2008-06-20,"D","Female"
"356",1964-02-17,1962-02-16,1966-02-16,1970-01-01,2006-10-18,"D","Female"
"357",1963-08-10,1961-08-09,1965-08-09,1970-01-01,2024-01-01,"C","Female"
"358",1960-12-16,1958-12-16,1962-12-16,1970-01-01,2015-01-17,"D","Female"
"359",1961-12-19,1959-12-19,1963-12-19,1970-01-01,2003-06-06,"D","Female"
"360",1966-02-03,1964-02-03,1968-02-03,1970-01-01,2024-01-01,"C","Female"
"361",1972-02-22,1972-02-22,1972-02-22,1972-02-22,1972-02-24,"D","Female"
"362",1968-10-25,1966-10-26,1970-01-01,1970-01-01,2003-05-11,"D","Female"
"363",1962-05-20,1960-05-19,1964-05-19,1970-01-01,2013-08-04,"D","Female"
"365",1966-11-15,1964-11-14,1968-11-14,1970-01-01,2024-01-01,"C","Female"
"367",1964-07-04,1962-07-04,1966-07-04,1970-01-01,2010-04-16,"D","Female"
"368",1950-02-15,1948-02-15,1952-02-15,1970-01-01,2007-05-23,"D","Female"
"369",1959-04-09,1957-04-08,1961-04-08,1970-01-01,2014-06-05,"D","Female"
"370",1953-01-28,1951-01-29,1955-01-29,1970-01-01,2002-04-05,"D","Female"
"371",1970-07-31,1970-07-31,1970-07-31,1970-07-31,2008-04-14,"D","Female"
"372",1954-02-21,1952-02-22,1956-02-22,1970-01-01,2013-03-22,"D","Female"
"375",1970-08-17,1970-08-17,1970-08-17,1970-08-17,2005-05-20,"D","Female"
"376",1965-06-24,1963-06-24,1967-06-24,1970-01-01,1986-04-06,"D","Female"
"377",1963-10-28,1961-10-27,1965-10-27,1970-01-01,2024-01-01,"C","Female"
"378",1951-06-15,1949-06-14,1953-06-14,1970-01-01,2011-05-28,"D","Female"
"379",1951-05-30,1949-05-30,1953-05-30,1970-01-01,2000-10-30,"D","Female"
"380",1963-01-31,1961-01-31,1965-01-31,1970-01-01,2017-04-24,"D","Female"
"381",1967-11-05,1965-11-04,1969-11-04,1970-01-01,2021-12-05,"D","Female"
"386",1966-01-19,1964-01-20,1968-01-20,1970-01-01,2015-12-17,"D","Female"
"387",1967-07-26,1965-07-25,1969-07-25,1970-01-01,2006-09-08,"D","Female"
"389",1963-11-25,1961-11-25,1965-11-25,1970-01-01,2024-01-01,"C","Female"
"390",1961-09-02,1959-09-03,1963-09-03,1970-01-01,2015-08-30,"D","Female"
"391",1975-02-23,1975-02-23,1975-02-23,1975-02-23,1987-03-03,"D","Female"
"392",1970-08-31,1970-08-31,1970-08-31,1970-08-31,2024-01-01,"C","Female"
"393",1974-10-15,1974-10-15,1974-10-15,1974-10-15,1974-11-06,"D","Female"
"394",1965-12-05,1963-12-05,1967-12-05,1970-01-01,1977-05-25,"D","Female"
"396",1950-06-27,1948-06-27,1952-06-27,1970-01-01,1996-10-11,"D","Female"
"397",1968-12-22,1966-12-23,1970-01-01,1970-01-01,2024-01-01,"C","Female"
"398",1958-12-17,1956-12-16,1960-12-16,1970-01-01,1976-12-24,"D","Female"
"399",1951-09-28,1949-09-28,1953-09-28,1970-01-01,2010-05-13,"D","Female"
"400",1963-06-14,1961-06-13,1965-06-13,1970-01-01,2015-09-29,"D","Female"
"401",1969-08-28,1967-08-29,1970-01-01,1970-01-01,2024-01-01,"C","Female"
"402",1965-08-02,1963-08-03,1967-08-03,1970-01-01,1973-09-30,"D","Female"
"403",1975-02-13,1975-02-13,1975-02-13,1975-02-13,1981-04-22,"D","Female"
"404",1950-04-27,1948-04-26,1952-04-26,1970-01-01,2010-04-04,"D","Female"
"406",1960-03-04,1958-03-05,1962-03-05,1970-01-01,2019-08-01,"D","Female"
"407",1974-08-07,1974-08-07,1974-08-07,1974-08-07,2024-01-01,"C","Female"
"408",1955-02-26,1953-02-26,1957-02-26,1970-01-01,1984-07-04,"D","Female"
"409",1950-12-01,1948-12-01,1952-12-01,1970-01-01,2016-12-26,"D","Female"
"410",1975-11-25,1975-11-25,1975-11-25,1975-11-25,2024-01-01,"C","Female"
"412",1972-03-26,1972-03-26,1972-03-26,1972-03-26,2017-08-26,"D","Female"
"413",1967-10-01,1965-09-30,1969-09-30,1970-01-01,2024-01-01,"C","Female"
"414",1955-01-04,1953-01-04,1957-01-04,1970-01-01,2004-09-06,"D","Female"
"415",1958-12-23,1956-12-23,1960-12-23,1970-01-01,2024-01-01,"C","Female"
"416",1961-02-18,1959-02-18,1963-02-18,1970-01-01,1998-11-16,"D","Female"
"417",1957-07-13,1955-07-14,1959-07-14,1970-01-01,1972-03-15,"D","Female"
"418",1952-05-26,1950-05-26,1954-05-26,1970-01-01,2008-06-05,"D","Female"
"420",1974-02-04,1974-02-04,1974-02-04,1974-02-04,2007-04-23,"D","Female"
"421",1974-01-28,1974-01-28,1974-01-28,1974-01-28,2024-01-01,"C","Female"
"422",1958-06-11,1956-06-10,1960-06-10,1970-01-01,2019-04-29,"D","Female"
"425",1956-12-29,1954-12-29,1958-12-29,1970-01-01,2008-06-10,"D","Female"
"426",1961-09-06,1959-09-06,1963-09-06,1970-01-01,1983-02-14,"D","Female"
"427",1970-06-04,1970-06-04,1970-06-04,1970-06-04,2024-01-01,"C","Female"
"428",1958-04-04,1956-04-03,1960-04-03,1970-01-01,2002-06-01,"D","Female"
"430",1973-08-21,1973-08-21,1973-08-21,1973-08-21,2024-01-01,"C","Female"
"431",1968-03-04,1966-03-05,1970-01-01,1970-01-01,1982-03-30,"D","Female"
"432",1956-12-11,1954-12-11,1958-12-11,1970-01-01,1975-01-16,"D","Female"
"433",1969-09-16,1967-09-17,1970-01-01,1970-01-01,2024-01-01,"C","Female"
"434",1950-12-26,1948-12-25,1952-12-25,1970-01-01,2014-05-11,"D","Female"
"435",1970-07-19,1970-07-19,1970-07-19,1970-07-19,1983-12-02,"D","Female"
"437",1970-05-23,1970-05-23,1970-05-23,1970-05-23,1992-07-21,"D","Female"
"438",1955-05-19,1953-05-19,1957-05-19,1970-01-01,2003-02-17,"D","Female"
"439",1966-05-11,1964-05-11,1968-05-11,1970-01-01,1971-12-07,"D","Female"
"440",1958-11-21,1956-11-20,1960-11-20,1970-01-01,2008-06-14,"D","Female"
"441",1973-02-24,1973-02-24,1973-02-24,1973-02-24,1973-04-21,"D","Female"
"442",1970-10-05,1970-10-05,1970-10-05,1970-10-05,1971-10-22,"D","Female"
"443",1971-01-17,1971-01-17,1971-01-17,1971-01-17,1992-08-08,"D","Female"
"444",1960-05-11,1958-05-12,1962-05-12,1970-01-01,2024-01-01,"C","Female"
"445",1958-09-01,1956-09-01,1960-09-01,1970-01-01,1978-07-04,"D","Female"
"446",1968-07-26,1966-07-27,1970-01-01,1970-01-01,2010-01-04,"D","Female"
"447",1968-06-09,1966-06-09,1970-01-01,1970-01-01,2001-08-07,"D","Female"
"448",1968-08-31,1966-09-01,1970-01-01,1970-01-01,2024-01-01,"C","Female"
"449",1960-10-23,1958-10-23,1962-10-23,1970-01-01,2007-05-20,"D","Female"
"450",1974-06-18,1974-06-18,1974-06-18,1974-06-18,2024-01-01,"C","Female"
"451",1975-05-05,1975-05-05,1975-05-05,1975-05-05,1975-10-11,"D","Female"
"452",1953-07-15,1951-07-15,1955-07-15,1970-01-01,2013-10-06,"D","Female"
"453",1952-06-11,1950-06-12,1954-06-12,1970-01-01,2009-05-16,"D","Female"
"454",1966-01-25,1964-01-26,1968-01-26,1970-01-01,2021-02-16,"D","Female"
"455",1952-04-21,1950-04-21,1954-04-21,1970-01-01,1999-08-26,"D","Female"
"456",1973-05-09,1973-05-09,1973-05-09,1973-05-09,2022-12-04,"D","Female"
"460",1955-10-08,1953-10-08,1957-10-08,1970-01-01,2015-05-20,"D","Female"
"461",1963-07-12,1961-07-12,1965-07-12,1970-01-01,2018-09-23,"D","Female"
"462",1974-08-30,1974-08-30,1974-08-30,1974-08-30,2017-01-06,"D","Female"
"463",1961-02-01,1959-02-01,1963-02-01,1970-01-01,1971-06-25,"D","Female"
"464",1959-04-08,1957-04-08,1961-04-08,1970-01-01,2002-11-19,"D","Female"
"465",1955-06-21,1953-06-20,1957-06-20,1970-01-01,2006-11-20,"D","Female"
"466",1951-08-30,1949-08-30,1953-08-30,1970-01-01,2004-05-01,"D","Female"
"467",1965-07-08,1963-07-08,1967-07-08,1970-01-01,1992-10-25,"D","Female"
"468",1974-09-11,1974-09-11,1974-09-11,1974-09-11,1998-07-26,"D","Female"
"469",1975-10-26,1975-10-26,1975-10-26,1975-10-26,2024-01-01,"C","Female"
"470",1962-01-05,1960-01-06,1964-01-06,1970-01-01,1990-09-12,"D","Female"
"472",1957-04-03,1955-04-03,1959-04-03,1970-01-01,2012-11-24,"D","Female"
"473",1954-11-26,1952-11-25,1956-11-25,1970-01-01,1999-07-01,"D","Female"
"474",1952-04-14,1950-04-15,1954-04-15,1970-01-01,2006-09-13,"D","Female"
"475",1951-01-26,1949-01-25,1953-01-25,1970-01-01,2005-08-26,"D","Female"
"476",1975-02-24,1975-02-24,1975-02-24,1975-02-24,2022-08-10,"D","Female"
"477",1961-02-06,1959-02-06,1963-02-06,1970-01-01,2024-01-01,"C","Female"
"478",1963-01-25,1961-01-25,1965-01-25,1970-01-01,2020-12-29,"D","Female"
"479",1953-10-14,1951-10-15,1955-10-15,1970-01-01,2009-01-12,"D","Female"
"480",1956-08-04,1954-08-04,1958-08-04,1970-01-01,1971-11-06,"D","Female"
"481",1972-09-27,1972-09-27,1972-09-27,1972-09-27,1998-03-06,"D","Female"
"482",1964-01-18,1962-01-17,1966-01-17,1970-01-01,2001-12-20,"D","Female"
"483",1966-05-09,1964-05-09,1968-05-09,1970-01-01,2024-01-01,"C","Female"
"484",1957-11-23,1955-11-24,1959-11-24,1970-01-01,2009-11-13,"D","Female"
"485",1971-06-16,1971-06-16,1971-06-16,1971-06-16,1972-08-23,"D","Female"
"486",1971-05-17,1971-05-17,1971-05-17,1971-05-17,1985-06-14,"D","Female"
"487",1969-08-07,1967-08-08,1970-01-01,1970-01-01,1980-12-11,"D","Female"
"488",1960-06-09,1958-06-10,1962-06-10,1970-01-01,2006-08-15,"D","Female"
"489",1969-11-04,1967-11-05,1970-01-01,1970-01-01,2008-09-25,"D","Female"
"490",1957-05-08,1955-05-09,1959-05-09,1970-01-01,1987-05-24,"D","Female"
"491",1971-09-09,1971-09-09,1971-09-09,1971-09-09,2004-11-15,"D","Female"
"492",1954-03-14,1952-03-14,1956-03-14,1970-01-01,2001-01-20,"D","Female"
"493",1950-01-25,1948-01-25,1952-01-25,1970-01-01,2009-04-20,"D","Female"
"494",1965-12-11,1963-12-11,1967-12-11,1970-01-01,2013-12-14,"D","Female"
"495",1971-07-07,1971-07-07,1971-07-07,1971-07-07,2006-03-18,"D","Female"
"497",1958-02-28,1956-02-28,1960-02-28,1970-01-01,1986-10-03,"D","Female"
"498",1955-11-10,1953-11-09,1957-11-09,1970-01-01,2003-12-24,"D","Female"
"499",1963-06-26,1961-06-26,1965-06-26,1970-01-01,2022-02-02,"D","Female"
"1",1970-05-16,1970-05-16,1970-05-16,1970-05-16,2007-11-08,"D","Male"
"2",1973-09-14,1973-09-14,1973-09-14,1973-09-14,1973-09-28,"D","Male"
"3",1975-06-01,1975-06-01,1975-06-01,1975-06-01,2024-01-01,"C","Male"
"4",1965-09-08,1963-09-09,1967-09-09,1970-01-01,2009-07-21,"D","Male"
"5",1962-09-17,1960-09-16,1964-09-16,1970-01-01,1995-03-17,"D","Male"
"6",1954-06-26,1952-06-26,1956-06-26,1970-01-01,2000-08-14,"D","Male"
"7",1973-04-26,1973-04-26,1973-04-26,1973-04-26,2011-05-20,"D","Male"
"10",1966-11-11,1964-11-10,1968-11-10,1970-01-01,2022-07-30,"D","Male"
"11",1966-04-16,1964-04-15,1968-04-15,1970-01-01,1974-09-24,"D","Male"
"12",1968-11-17,1966-11-18,1970-01-01,1970-01-01,2018-05-28,"D","Male"
"13",1952-09-12,1950-09-12,1954-09-12,1970-01-01,2003-10-12,"D","Male"
"14",1960-02-09,1958-02-09,1962-02-09,1970-01-01,1997-10-19,"D","Male"
"15",1975-02-26,1975-02-26,1975-02-26,1975-02-26,2024-01-01,"C","Male"
"17",1963-03-07,1961-03-07,1965-03-07,1970-01-01,1995-08-08,"D","Male"
"18",1964-03-17,1962-03-18,1966-03-18,1970-01-01,1995-12-08,"D","Male"
"19",1975-10-31,1975-10-31,1975-10-31,1975-10-31,1984-07-09,"D","Male"
"20",1956-09-22,1954-09-22,1958-09-22,1970-01-01,2022-05-07,"D","Male"
"21",1957-05-29,1955-05-29,1959-05-29,1970-01-01,1974-04-23,"D","Male"
"22",1960-05-04,1958-05-05,1962-05-05,1970-01-01,1993-04-01,"D","Male"
"23",1955-02-26,1953-02-25,1957-02-25,1970-01-01,1987-11-23,"D","Male"
"25",1962-02-18,1960-02-18,1964-02-18,1970-01-01,2016-12-18,"D","Male"
"26",1950-10-08,1948-10-07,1952-10-07,1970-01-01,2019-02-24,"D","Male"
"28",1965-01-06,1963-01-06,1967-01-06,1970-01-01,2024-01-01,"C","Male"
"29",1951-05-12,1949-05-11,1953-05-11,1970-01-01,2010-03-20,"D","Male"
"32",1974-02-07,1974-02-07,1974-02-07,1974-02-07,1992-09-06,"D","Male"
"34",1964-09-05,1962-09-06,1966-09-06,1970-01-01,1975-12-20,"D","Male"
"36",1962-12-08,1960-12-07,1964-12-07,1970-01-01,1970-12-15,"D","Male"
"38",1972-09-05,1972-09-05,1972-09-05,1972-09-05,1996-08-16,"D","Male"
"39",1971-11-23,1971-11-23,1971-11-23,1971-11-23,1983-10-10,"D","Male"
"40",1969-05-15,1967-05-16,1970-01-01,1970-01-01,2020-06-04,"D","Male"
"41",1951-12-07,1949-12-07,1953-12-07,1970-01-01,2000-01-28,"D","Male"
"43",1966-01-11,1964-01-11,1968-01-11,1970-01-01,1998-01-28,"D","Male"
"44",1969-12-01,1967-12-01,1970-01-01,1970-01-01,2011-04-09,"D","Male"
"45",1958-12-10,1956-12-09,1960-12-09,1970-01-01,2016-05-20,"D","Male"
"47",1951-09-08,1949-09-07,1953-09-07,1970-01-01,1973-01-05,"D","Male"
"48",1961-01-19,1959-01-20,1963-01-20,1970-01-01,1987-08-16,"D","Male"
"49",1973-02-26,1973-02-26,1973-02-26,1973-02-26,2024-01-01,"C","Male"
"50",1965-04-27,1963-04-28,1967-04-28,1970-01-01,1974-03-12,"D","Male"
"51",1975-04-17,1975-04-17,1975-04-17,1975-04-17,2024-01-01,"C","Male"
"52",1965-09-13,1963-09-14,1967-09-14,1970-01-01,1970-10-20,"D","Male"
"53",1956-03-25,1954-03-25,1958-03-25,1970-01-01,2005-05-13,"D","Male"
"56",1956-09-01,1954-09-01,1958-09-01,1970-01-01,1994-05-17,"D","Male"
"57",1972-04-22,1972-04-22,1972-04-22,1972-04-22,2024-01-01,"C","Male"
"59",1973-08-06,1973-08-06,1973-08-06,1973-08-06,1973-09-21,"D","Male"
"60",1973-10-17,1973-10-17,1973-10-17,1973-10-17,2024-01-01,"C","Male"
"61",1973-10-11,1973-10-11,1973-10-11,1973-10-11,1982-05-10,"D","Male"
"62",1975-08-16,1975-08-16,1975-08-16,1975-08-16,1998-11-21,"D","Male"
"63",1965-09-21,1963-09-21,1967-09-21,1970-01-01,2024-01-01,"C","Male"
"64",1962-01-02,1960-01-02,1964-01-02,1970-01-01,2001-11-27,"D","Male"
"66",1973-09-05,1973-09-05,1973-09-05,1973-09-05,1975-01-04,"D","Male"
"67",1953-11-25,1951-11-25,1955-11-25,1970-01-01,1989-12-09,"D","Male"
"68",1954-03-13,1952-03-13,1956-03-13,1970-01-01,2009-12-14,"D","Male"
"69",1951-04-25,1949-04-25,1953-04-25,1970-01-01,2000-01-31,"D","Male"
"70",1960-04-26,1958-04-26,1962-04-26,1970-01-01,2006-02-08,"D","Male"
"72",1954-11-18,1952-11-17,1956-11-17,1970-01-01,1975-04-02,"D","Male"
"73",1972-07-30,1972-07-30,1972-07-30,1972-07-30,2000-08-16,"D","Male"
"74",1963-08-05,1961-08-04,1965-08-04,1970-01-01,2024-01-01,"C","Male"
"75",1953-07-17,1951-07-18,1955-07-18,1970-01-01,2014-11-15,"D","Male"
"76",1975-12-22,1975-12-22,1975-12-22,1975-12-22,2014-02-12,"D","Male"
"77",1952-10-25,1950-10-26,1954-10-26,1970-01-01,1980-10-02,"D","Male"
"79",1960-07-03,1958-07-03,1962-07-03,1970-01-01,1977-10-08,"D","Male"
"80",1973-07-06,1973-07-06,1973-07-06,1973-07-06,1973-07-09,"D","Male"
"81",1968-10-28,1966-10-29,1970-01-01,1970-01-01,2024-01-01,"C","Male"
"82",1959-08-25,1957-08-25,1961-08-25,1970-01-01,1970-09-09,"D","Male"
"83",1970-07-19,1970-07-19,1970-07-19,1970-07-19,2022-01-25,"D","Male"
"84",1967-08-22,1965-08-22,1969-08-22,1970-01-01,1995-10-08,"D","Male"
"85",1968-10-02,1966-10-02,1970-01-01,1970-01-01,2022-03-27,"D","Male"
"86",1951-08-23,1949-08-22,1953-08-22,1970-01-01,1996-05-18,"D","Male"
"87",1959-06-23,1957-06-23,1961-06-23,1970-01-01,2024-01-01,"C","Male"
"88",1964-03-31,1962-03-31,1966-03-31,1970-01-01,2024-01-01,"C","Male"
"90",1975-09-12,1975-09-12,1975-09-12,1975-09-12,2024-01-01,"C","Male"
"91",1957-06-10,1955-06-11,1959-06-11,1970-01-01,1970-02-11,"D","Male"
"92",1970-03-27,1970-03-27,1970-03-27,1970-03-27,1971-02-17,"D","Male"
"94",1973-06-23,1973-06-23,1973-06-23,1973-06-23,1973-07-14,"D","Male"
"95",1971-02-26,1971-02-26,1971-02-26,1971-02-26,1997-05-20,"D","Male"
"96",1957-04-17,1955-04-18,1959-04-18,1970-01-01,1973-10-12,"D","Male"
"97",1955-04-15,1953-04-14,1957-04-14,1970-01-01,1972-07-06,"D","Male"
"98",1965-07-21,1963-07-21,1967-07-21,1970-01-01,2024-01-01,"C","Male"
"99",1973-03-07,1973-03-07,1973-03-07,1973-03-07,2024-01-01,"C","Male"
"100",1951-04-23,1949-04-23,1953-04-23,1970-01-01,1977-02-11,"D","Male"
"101",1960-08-18,1958-08-18,1962-08-18,1970-01-01,2020-05-22,"D","Male"
"102",1972-12-08,1972-12-08,1972-12-08,1972-12-08,2012-02-20,"D","Male"
"103",1960-02-05,1958-02-04,1962-02-04,1970-01-01,1993-12-04,"D","Male"
"105",1971-07-14,1971-07-14,1971-07-14,1971-07-14,1992-12-11,"D","Male"
"106",1972-10-06,1972-10-06,1972-10-06,1972-10-06,1996-07-12,"D","Male"
"107",1975-09-20,1975-09-20,1975-09-20,1975-09-20,1984-05-02,"D","Male"
"108",1958-08-20,1956-08-20,1960-08-20,1970-01-01,2013-07-25,"D","Male"
"109",1971-08-06,1971-08-06,1971-08-06,1971-08-06,1971-08-17,"D","Male"
"110",1962-07-21,1960-07-20,1964-07-20,1970-01-01,2018-07-10,"D","Male"
"112",1965-03-13,1963-03-14,1967-03-14,1970-01-01,2021-01-07,"D","Male"
"113",1965-12-19,1963-12-19,1967-12-19,1970-01-01,1980-06-18,"D","Male"
"114",1956-07-20,1954-07-20,1958-07-20,1970-01-01,1991-08-15,"D","Male"
"118",1970-08-05,1970-08-05,1970-08-05,1970-08-05,2020-04-18,"D","Male"
"119",1954-02-18,1952-02-19,1956-02-19,1970-01-01,1991-01-22,"D","Male"
"120",1965-06-27,1963-06-27,1967-06-27,1970-01-01,1980-12-21,"D","Male"
"121",1969-04-28,1967-04-29,1970-01-01,1970-01-01,1977-05-20,"D","Male"
"122",1973-06-12,1973-06-12,1973-06-12,1973-06-12,2024-01-01,"C","Male"
"124",1969-03-20,1967-03-20,1970-01-01,1970-01-01,1983-11-21,"D","Male"
"125",1966-05-28,1964-05-27,1968-05-27,1970-01-01,2014-06-18,"D","Male"
"126",1970-05-23,1970-05-23,1970-05-23,1970-05-23,1986-09-22,"D","Male"
"127",1970-05-12,1970-05-12,1970-05-12,1970-05-12,2010-01-11,"D","Male"
"128",1970-06-12,1970-06-12,1970-06-12,1970-06-12,1981-10-03,"D","Male"
"129",1958-06-30,1956-06-29,1960-06-29,1970-01-01,2006-09-11,"D","Male"
"130",1963-12-13,1961-12-12,1965-12-12,1970-01-01,2024-01-01,"C","Male"
"132",1950-07-16,1948-07-16,1952-07-16,1970-01-01,2012-10-04,"D","Male"
"135",1959-10-17,1957-10-17,1961-10-17,1970-01-01,1999-01-18,"D","Male"
"136",1975-01-22,1975-01-22,1975-01-22,1975-01-22,2017-01-04,"D","Male"
"137",1951-10-20,1949-10-20,1953-10-20,1970-01-01,2013-09-17,"D","Male"
"139",1971-07-20,1971-07-20,1971-07-20,1971-07-20,2024-01-01,"C","Male"
"140",1964-02-23,1962-02-23,1966-02-23,1970-01-01,1990-10-16,"D","Male"
"141",1962-01-03,1960-01-03,1964-01-03,1970-01-01,1975-11-18,"D","Male"
"142",1962-05-16,1960-05-16,1964-05-16,1970-01-01,2024-01-01,"C","Male"
"145",1955-08-28,1953-08-28,1957-08-28,1970-01-01,1992-12-25,"D","Male"
"146",1965-08-31,1963-08-31,1967-08-31,1970-01-01,2022-08-07,"D","Male"
"147",1951-05-27,1949-05-27,1953-05-27,1970-01-01,2012-07-12,"D","Male"
"148",1975-03-01,1975-03-01,1975-03-01,1975-03-01,2024-01-01,"C","Male"
"149",1955-04-03,1953-04-02,1957-04-02,1970-01-01,2009-08-15,"D","Male"
"150",1957-02-16,1955-02-17,1959-02-17,1970-01-01,2014-01-16,"D","Male"
"151",1973-03-15,1973-03-15,1973-03-15,1973-03-15,1975-04-17,"D","Male"
"152",1952-11-03,1950-11-04,1954-11-04,1970-01-01,2015-03-10,"D","Male"
"153",1952-01-05,1950-01-05,1954-01-05,1970-01-01,2019-08-30,"D","Male"
"154",1966-06-26,1964-06-25,1968-06-25,1970-01-01,1976-05-11,"D","Male"
"155",1955-05-17,1953-05-17,1957-05-17,1970-01-01,1999-08-18,"D","Male"
"156",1963-06-26,1961-06-26,1965-06-26,1970-01-01,2015-02-21,"D","Male"
"157",1964-09-08,1962-09-09,1966-09-09,1970-01-01,2006-05-19,"D","Male"
"158",1951-10-07,1949-10-07,1953-10-07,1970-01-01,1977-09-23,"D","Male"
"159",1974-04-11,1974-04-11,1974-04-11,1974-04-11,2018-07-20,"D","Male"
"161",1973-01-24,1973-01-24,1973-01-24,1973-01-24,2024-01-01,"C","Male"
"162",1960-10-05,1958-10-05,1962-10-05,1970-01-01,1994-12-10,"D","Male"
"163",1958-04-09,1956-04-09,1960-04-09,1970-01-01,2008-11-25,"D","Male"
"165",1956-08-23,1954-08-23,1958-08-23,1970-01-01,1972-06-29,"D","Male"
"166",1975-08-21,1975-08-21,1975-08-21,1975-08-21,2024-01-01,"C","Male"
"167",1968-07-27,1966-07-28,1970-01-01,1970-01-01,1988-04-17,"D","Male"
"168",1970-09-23,1970-09-23,1970-09-23,1970-09-23,2024-01-01,"C","Male"
"171",1973-01-12,1973-01-12,1973-01-12,1973-01-12,2024-01-01,"C","Male"
"172",1955-01-17,1953-01-17,1957-01-17,1970-01-01,1981-10-05,"D","Male"
"175",1953-11-08,1951-11-09,1955-11-09,1970-01-01,1979-04-17,"D","Male"
"176",1959-08-23,1957-08-22,1961-08-22,1970-01-01,2011-10-16,"D","Male"
"177",1964-06-13,1962-06-13,1966-06-13,1970-01-01,2016-11-12,"D","Male"
"178",1968-06-23,1966-06-23,1970-01-01,1970-01-01,2024-01-01,"C","Male"
"179",1970-01-08,1970-01-08,1970-01-08,1970-01-08,1980-05-24,"D","Male"
"180",1960-11-25,1958-11-25,1962-11-25,1970-01-01,2024-01-01,"C","Male"
"181",1956-01-26,1954-01-26,1958-01-26,1970-01-01,2004-01-02,"D","Male"
"182",1974-03-07,1974-03-07,1974-03-07,1974-03-07,2024-01-01,"C","Male"
"183",1951-10-21,1949-10-20,1953-10-20,1970-01-01,2006-10-25,"D","Male"
"187",1957-01-24,1955-01-24,1959-01-24,1970-01-01,2009-06-06,"D","Male"
"188",1951-01-31,1949-01-30,1953-01-30,1970-01-01,1998-03-18,"D","Male"
"189",1963-04-12,1961-04-12,1965-04-12,1970-01-01,1998-08-07,"D","Male"
"190",1967-05-12,1965-05-11,1969-05-11,1970-01-01,2021-02-15,"D","Male"
"191",1969-06-21,1967-06-22,1970-01-01,1970-01-01,2023-06-06,"D","Male"
"192",1959-11-21,1957-11-20,1961-11-20,1970-01-01,1976-08-22,"D","Male"
"193",1971-11-25,1971-11-25,1971-11-25,1971-11-25,2019-05-12,"D","Male"
"194",1971-08-02,1971-08-02,1971-08-02,1971-08-02,1989-07-04,"D","Male"
"195",1961-09-29,1959-09-30,1963-09-30,1970-01-01,1997-04-20,"D","Male"
"196",1962-09-29,1960-09-28,1964-09-28,1970-01-01,2012-12-12,"D","Male"
"197",1974-09-26,1974-09-26,1974-09-26,1974-09-26,2020-04-09,"D","Male"
"198",1975-10-15,1975-10-15,1975-10-15,1975-10-15,2001-06-10,"D","Male"
"199",1973-11-08,1973-11-08,1973-11-08,1973-11-08,2000-12-06,"D","Male"
"200",1955-12-19,1953-12-19,1957-12-19,1970-01-01,2010-06-03,"D","Male"
"201",1967-04-12,1965-04-12,1969-04-12,1970-01-01,2024-01-01,"C","Male"
"203",1973-03-12,1973-03-12,1973-03-12,1973-03-12,1983-11-18,"D","Male"
"204",1954-10-17,1952-10-17,1956-10-17,1970-01-01,1995-02-22,"D","Male"
"205",1975-10-23,1975-10-23,1975-10-23,1975-10-23,2012-12-02,"D","Male"
"206",1975-04-28,1975-04-28,1975-04-28,1975-04-28,2024-01-01,"C","Male"
"207",1960-10-29,1958-10-29,1962-10-29,1970-01-01,1970-11-15,"D","Male"
"209",1953-03-31,1951-03-31,1955-03-31,1970-01-01,2008-05-06,"D","Male"
"210",1975-03-31,1975-03-31,1975-03-31,1975-03-31,1997-03-11,"D","Male"
"211",1960-12-28,1958-12-29,1962-12-29,1970-01-01,2009-11-29,"D","Male"
"213",1961-08-10,1959-08-10,1963-08-10,1970-01-01,1992-04-01,"D","Male"
"215",1959-09-01,1957-09-01,1961-09-01,1970-01-01,2022-12-13,"D","Male"
"216",1954-05-27,1952-05-27,1956-05-27,1970-01-01,2003-09-23,"D","Male"
"217",1956-09-08,1954-09-09,1958-09-09,1970-01-01,2012-06-05,"D","Male"
"219",1953-09-04,1951-09-05,1955-09-05,1970-01-01,2006-04-17,"D","Male"
"220",1974-11-30,1974-11-30,1974-11-30,1974-11-30,1975-01-18,"D","Male"
"221",1969-02-26,1967-02-27,1970-01-01,1970-01-01,1980-03-23,"D","Male"
"222",1964-06-10,1962-06-10,1966-06-10,1970-01-01,1980-12-05,"D","Male"
"225",1963-07-22,1961-07-21,1965-07-21,1970-01-01,1975-04-10,"D","Male"
"227",1969-05-11,1967-05-12,1970-01-01,1970-01-01,1978-07-13,"D","Male"
"228",1965-02-27,1963-02-28,1967-02-28,1970-01-01,1980-11-28,"D","Male"
"230",1967-02-08,1965-02-08,1969-02-08,1970-01-01,2000-05-31,"D","Male"
"231",1971-05-18,1971-05-18,1971-05-18,1971-05-18,2021-09-29,"D","Male"
"233",1964-04-22,1962-04-22,1966-04-22,1970-01-01,1981-12-27,"D","Male"
"234",1972-01-08,1972-01-08,1972-01-08,1972-01-08,2024-01-01,"C","Male"
"235",1975-04-02,1975-04-02,1975-04-02,1975-04-02,2024-01-01,"C","Male"
"236",1965-10-03,1963-10-03,1967-10-03,1970-01-01,2024-01-01,"C","Male"
"237",1960-12-17,1958-12-18,1962-12-18,1970-01-01,1975-10-13,"D","Male"
"238",1951-05-03,1949-05-03,1953-05-03,1970-01-01,1998-06-16,"D","Male"
"239",1950-04-26,1948-04-25,1952-04-25,1970-01-01,2010-09-20,"D","Male"
"240",1954-11-20,1952-11-20,1956-11-20,1970-01-01,2007-07-18,"D","Male"
"242",1957-03-31,1955-03-31,1959-03-31,1970-01-01,2014-11-03,"D","Male"
"244",1950-08-26,1948-08-25,1952-08-25,1970-01-01,2007-02-10,"D","Male"
"245",1971-08-13,1971-08-13,1971-08-13,1971-08-13,1971-09-03,"D","Male"
"247",1962-01-17,1960-01-17,1964-01-17,1970-01-01,2021-05-08,"D","Male"
"250",1973-08-11,1973-08-11,1973-08-11,1973-08-11,2011-10-05,"D","Male"
"251",1972-03-20,1972-03-20,1972-03-20,1972-03-20,1988-02-26,"D","Male"
"253",1962-07-06,1960-07-05,1964-07-05,1970-01-01,1970-04-27,"D","Male"
"254",1963-02-25,1961-02-25,1965-02-25,1970-01-01,1987-11-25,"D","Male"
"255",1950-01-25,1948-01-26,1952-01-26,1970-01-01,1975-02-15,"D","Male"
"256",1975-12-21,1975-12-21,1975-12-21,1975-12-21,2016-02-25,"D","Male"
"257",1961-09-05,1959-09-06,1963-09-06,1970-01-01,2024-01-01,"C","Male"
"259",1970-11-25,1970-11-25,1970-11-25,1970-11-25,1970-12-17,"D","Male"
"260",1965-05-02,1963-05-03,1967-05-03,1970-01-01,2024-01-01,"C","Male"
"261",1965-01-07,1963-01-07,1967-01-07,1970-01-01,2018-03-23,"D","Male"
"262",1956-07-11,1954-07-11,1958-07-11,1970-01-01,2003-04-23,"D","Male"
"264",1969-03-29,1967-03-29,1970-01-01,1970-01-01,1997-12-19,"D","Male"
"266",1974-05-24,1974-05-24,1974-05-24,1974-05-24,1995-02-21,"D","Male"
"267",1973-05-11,1973-05-11,1973-05-11,1973-05-11,1986-06-29,"D","Male"
"269",1960-10-04,1958-10-04,1962-10-04,1970-01-01,2024-01-01,"C","Male"
"270",1964-01-17,1962-01-17,1966-01-17,1970-01-01,1982-12-27,"D","Male"
"271",1973-02-11,1973-02-11,1973-02-11,1973-02-11,1976-03-08,"D","Male"
"273",1971-03-10,1971-03-10,1971-03-10,1971-03-10,2024-01-01,"C","Male"
"274",1968-03-06,1966-03-07,1970-01-01,1970-01-01,1979-08-03,"D","Male"
"277",1970-08-25,1970-08-25,1970-08-25,1970-08-25,1970-09-12,"D","Male"
"278",1970-11-20,1970-11-20,1970-11-20,1970-11-20,2017-08-06,"D","Male"
"279",1975-12-21,1975-12-21,1975-12-21,1975-12-21,1983-11-20,"D","Male"
"280",1964-04-11,1962-04-12,1966-04-12,1970-01-01,2016-10-27,"D","Male"
"282",1969-05-04,1967-05-04,1970-01-01,1970-01-01,1977-08-28,"D","Male"
"283",1959-02-15,1957-02-15,1961-02-15,1970-01-01,1988-06-15,"D","Male"
"284",1957-07-31,1955-07-31,1959-07-31,1970-01-01,1993-04-07,"D","Male"
"286",1962-08-24,1960-08-23,1964-08-23,1970-01-01,1997-03-18,"D","Male"
"287",1973-03-23,1973-03-23,1973-03-23,1973-03-23,1977-04-25,"D","Male"
"288",1973-09-23,1973-09-23,1973-09-23,1973-09-23,2024-01-01,"C","Male"
"289",1956-09-15,1954-09-16,1958-09-16,1970-01-01,2013-04-17,"D","Male"
"290",1962-05-02,1960-05-01,1964-05-01,1970-01-01,2024-01-01,"C","Male"
"291",1953-07-31,1951-07-31,1955-07-31,1970-01-01,2005-07-12,"D","Male"
"292",1965-07-04,1963-07-04,1967-07-04,1970-01-01,1971-02-25,"D","Male"
"293",1959-06-03,1957-06-03,1961-06-03,1970-01-01,2007-04-03,"D","Male"
"294",1967-08-05,1965-08-05,1969-08-05,1970-01-01,2014-01-21,"D","Male"
"295",1966-07-02,1964-07-02,1968-07-02,1970-01-01,2024-01-01,"C","Male"
"296",1965-07-03,1963-07-04,1967-07-04,1970-01-01,2000-05-24,"D","Male"
"297",1958-07-17,1956-07-16,1960-07-16,1970-01-01,1982-01-14,"D","Male"
"298",1968-05-01,1966-05-01,1970-01-01,1970-01-01,1970-08-29,"D","Male"
"300",1951-03-09,1949-03-09,1953-03-09,1970-01-01,1980-01-22,"D","Male"
"302",1955-06-21,1953-06-20,1957-06-20,1970-01-01,2008-10-04,"D","Male"
"303",1972-07-04,1972-07-04,1972-07-04,1972-07-04,2018-12-12,"D","Male"
"304",1954-03-08,1952-03-07,1956-03-07,1970-01-01,2009-12-19,"D","Male"
"305",1952-06-08,1950-06-08,1954-06-08,1970-01-01,1971-06-01,"D","Male"
"306",1956-03-31,1954-04-01,1958-04-01,1970-01-01,2001-10-29,"D","Male"
"307",1971-09-05,1971-09-05,1971-09-05,1971-09-05,1982-03-31,"D","Male"
"308",1963-07-27,1961-07-26,1965-07-26,1970-01-01,2024-01-01,"C","Male"
"310",1967-02-01,1965-01-31,1969-01-31,1970-01-01,1973-08-28,"D","Male"
"311",1950-06-23,1948-06-22,1952-06-22,1970-01-01,1981-09-17,"D","Male"
"312",1960-12-02,1958-12-03,1962-12-03,1970-01-01,1995-06-30,"D","Male"
"313",1950-04-29,1948-04-29,1952-04-29,1970-01-01,1993-03-20,"D","Male"
"314",1958-12-05,1956-12-05,1960-12-05,1970-01-01,2008-11-09,"D","Male"
"315",1956-07-30,1954-07-30,1958-07-30,1970-01-01,2001-07-18,"D","Male"
"317",1973-06-17,1973-06-17,1973-06-17,1973-06-17,2023-09-03,"D","Male"
"318",1970-05-06,1970-05-06,1970-05-06,1970-05-06,2024-01-01,"C","Male"
"319",1963-12-21,1961-12-21,1965-12-21,1970-01-01,1986-11-17,"D","Male"
"320",1950-10-10,1948-10-09,1952-10-09,1970-01-01,1983-05-08,"D","Male"
"321",1974-01-10,1974-01-10,1974-01-10,1974-01-10,2024-01-01,"C","Male"
"322",1966-04-02,1964-04-01,1968-04-01,1970-01-01,1994-04-15,"D","Male"
"323",1951-11-14,1949-11-14,1953-11-14,1970-01-01,2004-09-15,"D","Male"
"324",1953-05-28,1951-05-29,1955-05-29,1970-01-01,1991-07-04,"D","Male"
"325",1954-05-24,1952-05-23,1956-05-23,1970-01-01,2014-04-20,"D","Male"
"330",1975-02-05,1975-02-05,1975-02-05,1975-02-05,1975-03-06,"D","Male"
"332",1970-11-07,1970-11-07,1970-11-07,1970-11-07,1971-04-16,"D","Male"
"333",1973-08-18,1973-08-18,1973-08-18,1973-08-18,1996-09-01,"D","Male"
"334",1965-03-09,1963-03-09,1967-03-09,1970-01-01,1988-07-05,"D","Male"
"336",1970-04-02,1970-04-02,1970-04-02,1970-04-02,2024-01-01,"C","Male"
"337",1956-09-14,1954-09-15,1958-09-15,1970-01-01,2008-05-15,"D","Male"
"339",1965-12-26,1963-12-27,1967-12-27,1970-01-01,1982-04-18,"D","Male"
"341",1970-09-04,1970-09-04,1970-09-04,1970-09-04,2004-06-29,"D","Male"
"342",1966-11-25,1964-11-25,1968-11-25,1970-01-01,2024-01-01,"C","Male"
"343",1972-05-03,1972-05-03,1972-05-03,1972-05-03,1996-04-24,"D","Male"
"344",1972-04-11,1972-04-11,1972-04-11,1972-04-11,2024-01-01,"C","Male"
"345",1972-12-16,1972-12-16,1972-12-16,1972-12-16,1987-08-30,"D","Male"
"346",1952-07-25,1950-07-25,1954-07-25,1970-01-01,1982-02-23,"D","Male"
"347",1963-02-18,1961-02-18,1965-02-18,1970-01-01,2002-03-13,"D","Male"
"348",1960-03-05,1958-03-05,1962-03-05,1970-01-01,1977-05-23,"D","Male"
"350",1973-01-09,1973-01-09,1973-01-09,1973-01-09,2024-01-01,"C","Male"
"351",1959-02-01,1957-01-31,1961-01-31,1970-01-01,2020-02-26,"D","Male"
"352",1957-12-24,1955-12-24,1959-12-24,1970-01-01,2003-10-15,"D","Male"
"353",1971-02-13,1971-02-13,1971-02-13,1971-02-13,2020-10-11,"D","Male"
"354",1950-02-04,1948-02-05,1952-02-05,1970-01-01,1999-03-11,"D","Male"
"356",1960-10-25,1958-10-25,1962-10-25,1970-01-01,2011-07-05,"D","Male"
"357",1968-10-17,1966-10-18,1970-01-01,1970-01-01,1971-08-11,"D","Male"
"359",1973-09-04,1973-09-04,1973-09-04,1973-09-04,1973-10-03,"D","Male"
"361",1962-05-12,1960-05-11,1964-05-11,1970-01-01,1989-06-13,"D","Male"
"362",1962-11-18,1960-11-18,1964-11-18,1970-01-01,1970-07-13,"D","Male"
"363",1971-12-13,1971-12-13,1971-12-13,1971-12-13,1984-09-01,"D","Male"
"364",1973-05-20,1973-05-20,1973-05-20,1973-05-20,2012-12-18,"D","Male"
"367",1974-04-17,1974-04-17,1974-04-17,1974-04-17,2024-01-01,"C","Male"
"368",1952-08-21,1950-08-21,1954-08-21,1970-01-01,1983-10-15,"D","Male"
"369",1964-12-17,1962-12-18,1966-12-18,1970-01-01,2002-12-30,"D","Male"
"370",1969-05-20,1967-05-21,1970-01-01,1970-01-01,1973-02-01,"D","Male"
"372",1955-11-19,1953-11-19,1957-11-19,1970-01-01,2012-01-20,"D","Male"
"373",1953-02-28,1951-03-01,1955-03-01,1970-01-01,2008-12-02,"D","Male"
"375",1952-09-28,1950-09-29,1954-09-29,1970-01-01,1979-04-02,"D","Male"
"376",1963-11-13,1961-11-13,1965-11-13,1970-01-01,1997-03-04,"D","Male"
"377",1962-07-09,1960-07-09,1964-07-09,1970-01-01,1993-11-26,"D","Male"
"378",1963-12-17,1961-12-16,1965-12-16,1970-01-01,1986-09-17,"D","Male"
"379",1965-12-03,1963-12-03,1967-12-03,1970-01-01,1994-05-29,"D","Male"
"380",1974-02-18,1974-02-18,1974-02-18,1974-02-18,2022-04-09,"D","Male"
"381",1963-12-20,1961-12-19,1965-12-19,1970-01-01,2024-01-01,"C","Male"
"383",1970-10-27,1970-10-27,1970-10-27,1970-10-27,1975-07-21,"D","Male"
"385",1970-04-13,1970-04-13,1970-04-13,1970-04-13,2003-03-31,"D","Male"
"386",1954-05-07,1952-05-06,1956-05-06,1970-01-01,2014-11-26,"D","Male"
"387",1965-05-19,1963-05-20,1967-05-20,1970-01-01,1995-09-28,"D","Male"
"389",1964-07-26,1962-07-26,1966-07-26,1970-01-01,1991-12-17,"D","Male"
"390",1958-06-06,1956-06-05,1960-06-05,1970-01-01,2002-10-03,"D","Male"
"391",1961-01-09,1959-01-10,1963-01-10,1970-01-01,2021-06-15,"D","Male"
"392",1967-12-11,1965-12-11,1969-12-11,1970-01-01,2019-10-04,"D","Male"
"393",1957-10-07,1955-10-08,1959-10-08,1970-01-01,2020-06-15,"D","Male"
"394",1973-01-11,1973-01-11,1973-01-11,1973-01-11,2024-01-01,"C","Male"
"395",1959-05-16,1957-05-16,1961-05-16,1970-01-01,2013-05-25,"D","Male"
"397",1973-03-06,1973-03-06,1973-03-06,1973-03-06,1973-03-10,"D","Male"
"399",1959-08-20,1957-08-19,1961-08-19,1970-01-01,2000-04-11,"D","Male"
"400",1960-08-26,1958-08-26,1962-08-26,1970-01-01,2024-01-01,"C","Male"
"401",1950-10-04,1948-10-03,1952-10-03,1970-01-01,1989-03-01,"D","Male"
"402",1960-08-03,1958-08-04,1962-08-04,1970-01-01,2024-01-01,"C","Male"
"403",1968-09-04,1966-09-04,1970-01-01,1970-01-01,1988-09-30,"D","Male"
"404",1969-09-06,1967-09-06,1970-01-01,1970-01-01,1977-01-18,"D","Male"
"405",1975-06-25,1975-06-25,1975-06-25,1975-06-25,1975-07-15,"D","Male"
"406",1967-12-04,1965-12-03,1969-12-03,1970-01-01,2024-01-01,"C","Male"
"407",1961-05-30,1959-05-31,1963-05-31,1970-01-01,1987-05-28,"D","Male"
"408",1953-01-04,1951-01-04,1955-01-04,1970-01-01,2017-05-22,"D","Male"
"409",1952-07-11,1950-07-12,1954-07-12,1970-01-01,1979-10-04,"D","Male"
"411",1951-08-21,1949-08-20,1953-08-20,1970-01-01,1987-09-18,"D","Male"
"413",1972-02-19,1972-02-19,1972-02-19,1972-02-19,2024-01-01,"C","Male"
"415",1973-08-07,1973-08-07,1973-08-07,1973-08-07,2007-01-03,"D","Male"
"416",1970-03-22,1970-03-22,1970-03-22,1970-03-22,2020-12-08,"D","Male"
"417",1960-01-05,1958-01-05,1962-01-05,1970-01-01,1998-07-17,"D","Male"
"419",1975-12-21,1975-12-21,1975-12-21,1975-12-21,2001-11-06,"D","Male"
"420",1971-08-15,1971-08-15,1971-08-15,1971-08-15,1982-06-29,"D","Male"
"421",1954-07-09,1952-07-08,1956-07-08,1970-01-01,1995-10-09,"D","Male"
"423",1971-12-19,1971-12-19,1971-12-19,1971-12-19,1982-05-04,"D","Male"
"424",1963-12-23,1961-12-22,1965-12-22,1970-01-01,2024-01-01,"C","Male"
"425",1958-01-11,1956-01-11,1960-01-11,1970-01-01,2017-05-08,"D","Male"
"426",1963-03-18,1961-03-18,1965-03-18,1970-01-01,2002-02-02,"D","Male"
"427",1968-03-14,1966-03-14,1970-01-01,1970-01-01,2016-11-24,"D","Male"
"428",1957-11-11,1955-11-12,1959-11-12,1970-01-01,1978-06-22,"D","Male"
"429",1952-01-07,1950-01-06,1954-01-06,1970-01-01,1987-11-19,"D","Male"
"430",1963-10-17,1961-10-16,1965-10-16,1970-01-01,2024-01-01,"C","Male"
"431",1974-09-27,1974-09-27,1974-09-27,1974-09-27,1979-01-07,"D","Male"
"432",1953-04-11,1951-04-11,1955-04-11,1970-01-01,1991-11-16,"D","Male"
"433",1974-12-20,1974-12-20,1974-12-20,1974-12-20,1975-01-13,"D","Male"
"435",1963-07-08,1961-07-07,1965-07-07,1970-01-01,2013-07-03,"D","Male"
"436",1969-04-20,1967-04-20,1970-01-01,1970-01-01,1974-09-08,"D","Male"
"438",1968-01-10,1966-01-10,1970-01-01,1970-01-01,1994-05-18,"D","Male"
"439",1974-10-06,1974-10-06,1974-10-06,1974-10-06,2013-04-23,"D","Male"
"440",1966-09-18,1964-09-17,1968-09-17,1970-01-01,2016-08-03,"D","Male"
"441",1963-05-06,1961-05-05,1965-05-05,1970-01-01,1979-02-02,"D","Male"
"443",1956-11-19,1954-11-19,1958-11-19,1970-01-01,2019-05-04,"D","Male"
"444",1969-08-03,1967-08-03,1970-01-01,1970-01-01,2024-01-01,"C","Male"
"445",1953-03-04,1951-03-05,1955-03-05,1970-01-01,1971-03-21,"D","Male"
"446",1955-09-04,1953-09-03,1957-09-03,1970-01-01,2011-03-04,"D","Male"
"447",1974-10-18,1974-10-18,1974-10-18,1974-10-18,1991-02-25,"D","Male"
"448",1952-01-17,1950-01-17,1954-01-17,1970-01-01,2000-09-18,"D","Male"
"449",1972-12-04,1972-12-04,1972-12-04,1972-12-04,1985-03-17,"D","Male"
"450",1963-12-01,1961-11-30,1965-11-30,1970-01-01,1997-03-22,"D","Male"
"451",1953-03-06,1951-03-06,1955-03-06,1970-01-01,1983-01-16,"D","Male"
"452",1971-06-15,1971-06-15,1971-06-15,1971-06-15,2024-01-01,"C","Male"
"454",1958-07-12,1956-07-12,1960-07-12,1970-01-01,1974-02-01,"D","Male"
"455",1958-07-07,1956-07-06,1960-07-06,1970-01-01,2010-07-11,"D","Male"
"456",1974-05-01,1974-05-01,1974-05-01,1974-05-01,2012-11-12,"D","Male"
"457",1958-08-20,1956-08-19,1960-08-19,1970-01-01,2020-10-10,"D","Male"
"458",1950-10-01,1948-09-30,1952-09-30,1970-01-01,1995-07-18,"D","Male"
"459",1970-07-03,1970-07-03,1970-07-03,1970-07-03,1991-05-21,"D","Male"
"460",1970-07-01,1970-07-01,1970-07-01,1970-07-01,2024-01-01,"C","Male"
"461",1962-03-22,1960-03-22,1964-03-22,1970-01-01,1980-07-19,"D","Male"
"462",1965-02-13,1963-02-13,1967-02-13,1970-01-01,1974-07-07,"D","Male"
"463",1966-12-02,1964-12-02,1968-12-02,1970-01-01,2024-01-01,"C","Male"
"464",1955-05-21,1953-05-21,1957-05-21,1970-01-01,1975-06-24,"D","Male"
"465",1972-07-20,1972-07-20,1972-07-20,1972-07-20,1975-11-16,"D","Male"
"468",1973-06-12,1973-06-12,1973-06-12,1973-06-12,2018-10-16,"D","Male"
"472",1968-08-22,1966-08-22,1970-01-01,1970-01-01,1997-06-20,"D","Male"
"473",1965-03-25,1963-03-25,1967-03-25,1970-01-01,2015-06-19,"D","Male"
"474",1973-05-30,1973-05-30,1973-05-30,1973-05-30,1993-01-28,"D","Male"
"476",1971-05-25,1971-05-25,1971-05-25,1971-05-25,2015-05-24,"D","Male"
"478",1974-12-30,1974-12-30,1974-12-30,1974-12-30,1985-11-22,"D","Male"
"479",1974-06-08,1974-06-08,1974-06-08,1974-06-08,2015-12-15,"D","Male"
"480",1952-07-01,1950-07-02,1954-07-02,1970-01-01,1973-03-03,"D","Male"
"483",1953-01-16,1951-01-16,1955-01-16,1970-01-01,1991-11-13,"D","Male"
"484",1961-11-23,1959-11-23,1963-11-23,1970-01-01,1983-01-24,"D","Male"
"486",1958-06-13,1956-06-13,1960-06-13,1970-01-01,1995-07-24,"D","Male"
"490",1953-02-15,1951-02-15,1955-02-15,1970-01-01,2010-07-10,"D","Male"
"491",1974-10-28,1974-10-28,1974-10-28,1974-10-28,1976-04-05,"D","Male"
"492",1966-02-17,1964-02-17,1968-02-17,1970-01-01,2024-01-01,"C","Male"
"493",1968-08-16,1966-08-16,1970-01-01,1970-01-01,2024-01-01,"C","Male"
"495",1966-10-28,1964-10-28,1968-10-28,1970-01-01,2016-10-27,"D","Male"
"496",1973-10-03,1973-10-03,1973-10-03,1973-10-03,1973-10-20,"D","Male"
"498",1971-10-06,1971-10-06,1971-10-06,1971-10-06,2014-07-28,"D","Male"
"500",1975-02-26,1975-02-26,1975-02-26,1975-02-26,2020-06-10,"D","Male"
